{
    "duration_s": 50.03200149536133,
    "end_ts_ms": "1773940289687",
    "episode_id": "ep_1773940239655_957939",
    "mission": {
        "controller_version": "ainf_slamo_v2",
        "furniture_hash": "",
        "map_layout_id": "",
        "mission_type": "goto_point",
        "robot_context": ""
    },
    "mood_snapshot": {
        "enable_mood": 1,
        "mood": 0.5,
        "mood_caution_gain": 0.30000001192092896,
        "mood_reactivity_gain": 0.3499999940395355,
        "mood_speed_gain": 0.3499999940395355
    },
    "outcome": {
        "comfort_jerk_score": 0.6133710741996765,
        "composite_score": 49.96799850463867,
        "efficiency_score": 1.0934066772460938,
        "safety_score": 0.30000001192092896,
        "success_binary": 1,
        "time_to_goal_s": 50.03200149536133
    },
    "params_snapshot": {
        "carrot_lookahead": 2,
        "d_safe": 0.3499999940395355,
        "gauss_k": 0.5,
        "goal_threshold": 0.25,
        "lambda_delta_vel": 0.18000000715255737,
        "lambda_goal": 5,
        "lambda_obstacle": 8,
        "lambda_smooth": 0.10000000149011612,
        "lambda_velocity": 0.009999999776482582,
        "max_adv": 0.800000011920929,
        "max_back_adv": 0.20000000298023224,
        "max_rot": 0.699999988079071,
        "mood": 0.5,
        "mppi_lambda": 8,
        "noise_alpha": 0.800000011920929,
        "num_samples": 100,
        "optim_iterations": 0,
        "optim_lr": 0.05000000074505806,
        "safety_priority_scale": 1,
        "sigma_adv": 0.11999999731779099,
        "sigma_rot": 0.15000000596046448,
        "trajectory_dt": 0.10000000149011612,
        "trajectory_steps": 50,
        "velocity_smoothing": 0.6000000238418579,
        "warm_start_adv_weight": 0.5,
        "warm_start_rot_weight": 0.30000001192092896
    },
    "replay": {
        "counterfactual_trials": [
        ],
        "local_sensitivity": {
        },
        "replay_set_id": "",
        "replayed": false
    },
    "safety": {
        "blocked_time_s": 0,
        "min_esdf_m": 0.30000001192092896,
        "n_blocked_events": 0,
        "n_collision": 0,
        "n_near_collision": 0,
        "n_replans": 0
    },
    "source": {
        "obstacle_density": 0.4240313172340393,
        "x": -0.6799845695495605,
        "y": 26.060609817504883
    },
    "start_ts_ms": "1773940239655",
    "status": "success",
    "target": {
        "target_mode": "point",
        "target_object_id": "",
        "target_x": -0.52946937084198,
        "target_y": 0.52946937084198
    },
    "trajectory": {
        "distance_traveled_m": 23.350494384765625,
        "mean_cpu_pct": 273.1647644042969,
        "mean_ess_ratio": 0.3188508450984955,
        "mean_rot": 0.20192807912826538,
        "mean_speed": 0.5460125207901001,
        "n_cycles": 745,
        "p05_ess_ratio": 0.17214196920394897,
        "p95_mppi_ms": 1.845425009727478,
        "p95_rot": 0.6133710741996765,
        "p95_speed": 0.7114859819412231,
        "path_efficiency": 1.0934066772460938
    }
}
