{
    "duration_s": 52.803001403808594,
    "end_ts_ms": "1773940522791",
    "episode_id": "ep_1773940469988_45118",
    "mission": {
        "controller_version": "ainf_slamo_v2",
        "furniture_hash": "",
        "map_layout_id": "",
        "mission_type": "goto_point",
        "robot_context": ""
    },
    "mood_snapshot": {
        "enable_mood": 1,
        "mood": 0.5,
        "mood_caution_gain": 0.30000001192092896,
        "mood_reactivity_gain": 0.3499999940395355,
        "mood_speed_gain": 0.3499999940395355
    },
    "outcome": {
        "comfort_jerk_score": 0.6123694181442261,
        "composite_score": -2.8030014038085938,
        "efficiency_score": 1.0732767581939697,
        "safety_score": 0,
        "success_binary": 1,
        "time_to_goal_s": 52.803001403808594
    },
    "params_snapshot": {
        "carrot_lookahead": 2,
        "d_safe": 0.3499999940395355,
        "gauss_k": 0.5,
        "goal_threshold": 0.25,
        "lambda_delta_vel": 0.18000000715255737,
        "lambda_goal": 5,
        "lambda_obstacle": 8,
        "lambda_smooth": 0.10000000149011612,
        "lambda_velocity": 0.009999999776482582,
        "max_adv": 0.800000011920929,
        "max_back_adv": 0.20000000298023224,
        "max_rot": 0.699999988079071,
        "mood": 0.5,
        "mppi_lambda": 8,
        "noise_alpha": 0.800000011920929,
        "num_samples": 100,
        "optim_iterations": 0,
        "optim_lr": 0.05000000074505806,
        "safety_priority_scale": 1,
        "sigma_adv": 0.11999999731779099,
        "sigma_rot": 0.15000000596046448,
        "trajectory_dt": 0.10000000149011612,
        "trajectory_steps": 50,
        "velocity_smoothing": 0.6000000238418579,
        "warm_start_adv_weight": 0.5,
        "warm_start_rot_weight": 0.30000001192092896
    },
    "replay": {
        "counterfactual_trials": [
        ],
        "local_sensitivity": {
        },
        "replay_set_id": "",
        "replayed": false
    },
    "safety": {
        "blocked_time_s": 0,
        "min_esdf_m": 0,
        "n_blocked_events": 0,
        "n_collision": 1,
        "n_near_collision": 0,
        "n_replans": 0
    },
    "source": {
        "obstacle_density": 0.2621167302131653,
        "x": 0.15682636201381683,
        "y": -24.279436111450195
    },
    "start_ts_ms": "1773940469988",
    "status": "success",
    "target": {
        "target_mode": "point",
        "target_object_id": "",
        "target_x": -1.2858541011810303,
        "target_y": 1.6640465259552002
    },
    "trajectory": {
        "distance_traveled_m": 24.209566116333008,
        "mean_cpu_pct": 272.41009521484375,
        "mean_ess_ratio": 0.26148009300231934,
        "mean_rot": 0.2053394615650177,
        "mean_speed": 0.5285283327102661,
        "n_cycles": 802,
        "p05_ess_ratio": 0.010481045581400394,
        "p95_mppi_ms": 1.7028260231018066,
        "p95_rot": 0.6123694181442261,
        "p95_speed": 0.711934506893158,
        "path_efficiency": 1.0732767581939697
    }
}
