{
    "duration_s": 1.590999960899353,
    "end_ts_ms": "1773939994146",
    "episode_id": "ep_1773939992555_1003136",
    "mission": {
        "controller_version": "ainf_slamo_v2",
        "furniture_hash": "",
        "map_layout_id": "",
        "mission_type": "goto_point",
        "robot_context": ""
    },
    "mood_snapshot": {
        "enable_mood": 1,
        "mood": 0.5,
        "mood_caution_gain": 0.30000001192092896,
        "mood_reactivity_gain": 0.3499999940395355,
        "mood_speed_gain": 0.3499999940395355
    },
    "outcome": {
        "comfort_jerk_score": 0.6088006496429443,
        "composite_score": -1.590999960899353,
        "efficiency_score": 44.51347351074219,
        "safety_score": 0.37070000171661377,
        "success_binary": 0,
        "time_to_goal_s": 1.590999960899353
    },
    "params_snapshot": {
        "carrot_lookahead": 2,
        "d_safe": 0.3499999940395355,
        "gauss_k": 0.5,
        "goal_threshold": 0.25,
        "lambda_delta_vel": 0.18000000715255737,
        "lambda_goal": 5,
        "lambda_obstacle": 8,
        "lambda_smooth": 0.10000000149011612,
        "lambda_velocity": 0.009999999776482582,
        "max_adv": 0.800000011920929,
        "max_back_adv": 0.20000000298023224,
        "max_rot": 0.699999988079071,
        "mood": 0.5,
        "mppi_lambda": 8,
        "noise_alpha": 0.800000011920929,
        "num_samples": 100,
        "optim_iterations": 0,
        "optim_lr": 0.05000000074505806,
        "safety_priority_scale": 1,
        "sigma_adv": 0.11999999731779099,
        "sigma_rot": 0.15000000596046448,
        "trajectory_dt": 0.10000000149011612,
        "trajectory_steps": 50,
        "velocity_smoothing": 0.6000000238418579,
        "warm_start_adv_weight": 0.5,
        "warm_start_rot_weight": 0.30000001192092896
    },
    "replay": {
        "counterfactual_trials": [
        ],
        "local_sensitivity": {
        },
        "replay_set_id": "",
        "replayed": false
    },
    "safety": {
        "blocked_time_s": 0,
        "min_esdf_m": 0.37070000171661377,
        "n_blocked_events": 0,
        "n_collision": 0,
        "n_near_collision": 0,
        "n_replans": 0
    },
    "source": {
        "obstacle_density": 0.6276081204414368,
        "x": -1.7324774265289307,
        "y": 2.61727237701416
    },
    "start_ts_ms": "1773939992555",
    "status": "aborted",
    "target": {
        "target_mode": "point",
        "target_object_id": "",
        "target_x": 5.198054790496826,
        "target_y": -18.118934631347656
    },
    "trajectory": {
        "distance_traveled_m": 0.4911709427833557,
        "mean_cpu_pct": 277.8815002441406,
        "mean_ess_ratio": 0.3710533380508423,
        "mean_rot": 0.5809010863304138,
        "mean_speed": 0.3331235945224762,
        "n_cycles": 20,
        "p05_ess_ratio": 0.28128042817115784,
        "p95_mppi_ms": 1.4970649480819702,
        "p95_rot": 0.6088006496429443,
        "p95_speed": 0.44479745626449585,
        "path_efficiency": 44.51347351074219
    }
}
