{
    "duration_s": 96.64700317382812,
    "end_ts_ms": "1773939696724",
    "episode_id": "ep_1773939600077_241754",
    "mission": {
        "controller_version": "ainf_slamo_v2",
        "furniture_hash": "",
        "map_layout_id": "",
        "mission_type": "goto_point",
        "robot_context": ""
    },
    "mood_snapshot": {
        "enable_mood": 1,
        "mood": 0.5,
        "mood_caution_gain": 0.30000001192092896,
        "mood_reactivity_gain": 0.3499999940395355,
        "mood_speed_gain": 0.3499999940395355
    },
    "outcome": {
        "comfort_jerk_score": 0.6027328968048096,
        "composite_score": 3.352996826171875,
        "efficiency_score": 0.999901533126831,
        "safety_score": 0.30000001192092896,
        "success_binary": 1,
        "time_to_goal_s": 96.64700317382812
    },
    "params_snapshot": {
        "carrot_lookahead": 2,
        "d_safe": 0.3499999940395355,
        "gauss_k": 0.5,
        "goal_threshold": 0.25,
        "lambda_delta_vel": 0.18000000715255737,
        "lambda_goal": 5,
        "lambda_obstacle": 8,
        "lambda_smooth": 0.10000000149011612,
        "lambda_velocity": 0.009999999776482582,
        "max_adv": 0.800000011920929,
        "max_back_adv": 0.20000000298023224,
        "max_rot": 0.699999988079071,
        "mood": 0.5,
        "mppi_lambda": 8,
        "noise_alpha": 0.800000011920929,
        "num_samples": 100,
        "optim_iterations": 0,
        "optim_lr": 0.05000000074505806,
        "safety_priority_scale": 1,
        "sigma_adv": 0.11999999731779099,
        "sigma_rot": 0.15000000596046448,
        "trajectory_dt": 0.10000000149011612,
        "trajectory_steps": 50,
        "velocity_smoothing": 0.6000000238418579,
        "warm_start_adv_weight": 0.5,
        "warm_start_rot_weight": 0.30000001192092896
    },
    "replay": {
        "counterfactual_trials": [
        ],
        "local_sensitivity": {
        },
        "replay_set_id": "",
        "replayed": false
    },
    "safety": {
        "blocked_time_s": 0,
        "min_esdf_m": 0.30000001192092896,
        "n_blocked_events": 0,
        "n_collision": 0,
        "n_near_collision": 0,
        "n_replans": 0
    },
    "source": {
        "obstacle_density": 0.4853564500808716,
        "x": 0.03400057926774025,
        "y": 26.654783248901367
    },
    "start_ts_ms": "1773939600077",
    "status": "success",
    "target": {
        "target_mode": "point",
        "target_object_id": "",
        "target_x": 0.5135946273803711,
        "target_y": -26.296043395996094
    },
    "trajectory": {
        "distance_traveled_m": 52.958213806152344,
        "mean_cpu_pct": 262.396484375,
        "mean_ess_ratio": 0.2969851791858673,
        "mean_rot": 0.1575644612312317,
        "mean_speed": 0.5771096348762512,
        "n_cycles": 1932,
        "p05_ess_ratio": 0.02140592597424984,
        "p95_mppi_ms": 0.8344730138778687,
        "p95_rot": 0.6027328968048096,
        "p95_speed": 0.7170956134796143,
        "path_efficiency": 0.999901533126831
    }
}
