{
    "duration_s": 112.80000305175781,
    "end_ts_ms": "1773935448881",
    "episode_id": "ep_1773935336081_1041452",
    "mission": {
        "controller_version": "ainf_slamo_v2",
        "furniture_hash": "",
        "map_layout_id": "",
        "mission_type": "goto_point",
        "robot_context": ""
    },
    "mood_snapshot": {
        "enable_mood": 1,
        "mood": 0.5,
        "mood_caution_gain": 0.30000001192092896,
        "mood_reactivity_gain": 0.3499999940395355,
        "mood_speed_gain": 0.3499999940395355
    },
    "outcome": {
        "comfort_jerk_score": 0.6006790995597839,
        "composite_score": -62.80000305175781,
        "efficiency_score": 0.7969557642936707,
        "safety_score": 0,
        "success_binary": 1,
        "time_to_goal_s": 112.80000305175781
    },
    "params_snapshot": {
        "carrot_lookahead": 2,
        "d_safe": 0.3499999940395355,
        "gauss_k": 0.5,
        "goal_threshold": 0.25,
        "lambda_delta_vel": 0.18000000715255737,
        "lambda_goal": 5,
        "lambda_obstacle": 8,
        "lambda_smooth": 0.10000000149011612,
        "lambda_velocity": 0.009999999776482582,
        "max_adv": 0.800000011920929,
        "max_back_adv": 0.20000000298023224,
        "max_rot": 0.699999988079071,
        "mood": 0.5,
        "mppi_lambda": 8,
        "noise_alpha": 0.800000011920929,
        "num_samples": 100,
        "optim_iterations": 0,
        "optim_lr": 0.05000000074505806,
        "safety_priority_scale": 1,
        "sigma_adv": 0.11999999731779099,
        "sigma_rot": 0.15000000596046448,
        "trajectory_dt": 0.10000000149011612,
        "trajectory_steps": 50,
        "velocity_smoothing": 0.6000000238418579,
        "warm_start_adv_weight": 0.5,
        "warm_start_rot_weight": 0.30000001192092896
    },
    "replay": {
        "counterfactual_trials": [
        ],
        "local_sensitivity": {
        },
        "replay_set_id": "",
        "replayed": false
    },
    "safety": {
        "blocked_time_s": 0,
        "min_esdf_m": 0,
        "n_blocked_events": 0,
        "n_collision": 1,
        "n_near_collision": 0,
        "n_replans": 0
    },
    "source": {
        "obstacle_density": 0.5550888776779175,
        "x": 5.091650009155273,
        "y": -16.319974899291992
    },
    "start_ts_ms": "1773935336081",
    "status": "success",
    "target": {
        "target_mode": "point",
        "target_object_id": "",
        "target_x": -0.44554758071899414,
        "target_y": 26.435823440551758
    },
    "trajectory": {
        "distance_traveled_m": 54.09693145751953,
        "mean_cpu_pct": 269.4390869140625,
        "mean_ess_ratio": 0.2598167359828949,
        "mean_rot": 0.21229945123195648,
        "mean_speed": 0.5355311036109924,
        "n_cycles": 1170,
        "p05_ess_ratio": 0.010003957897424698,
        "p95_mppi_ms": 1.6503280401229858,
        "p95_rot": 0.6006790995597839,
        "p95_speed": 0.7112910151481628,
        "path_efficiency": 0.7969557642936707
    }
}
