{
    "duration_s": 131.5989990234375,
    "end_ts_ms": "1773933904680",
    "episode_id": "ep_1773933773081_326281",
    "mission": {
        "controller_version": "ainf_slamo_v2",
        "furniture_hash": "",
        "map_layout_id": "",
        "mission_type": "goto_point",
        "robot_context": ""
    },
    "mood_snapshot": {
        "enable_mood": 1,
        "mood": 0.5,
        "mood_caution_gain": 0.30000001192092896,
        "mood_reactivity_gain": 0.3499999940395355,
        "mood_speed_gain": 0.3499999940395355
    },
    "outcome": {
        "comfort_jerk_score": 0.5691244602203369,
        "composite_score": -81.5989990234375,
        "efficiency_score": 0.8912473320960999,
        "safety_score": 0.05000000074505806,
        "success_binary": 1,
        "time_to_goal_s": 131.5989990234375
    },
    "params_snapshot": {
        "carrot_lookahead": 2,
        "d_safe": 0.3499999940395355,
        "gauss_k": 0.5,
        "goal_threshold": 0.25,
        "lambda_delta_vel": 0.18000000715255737,
        "lambda_goal": 5,
        "lambda_obstacle": 8,
        "lambda_smooth": 0.10000000149011612,
        "lambda_velocity": 0.009999999776482582,
        "max_adv": 0.800000011920929,
        "max_back_adv": 0.20000000298023224,
        "max_rot": 0.699999988079071,
        "mood": 0.5,
        "mppi_lambda": 8,
        "noise_alpha": 0.800000011920929,
        "num_samples": 100,
        "optim_iterations": 0,
        "optim_lr": 0.05000000074505806,
        "safety_priority_scale": 1,
        "sigma_adv": 0.11999999731779099,
        "sigma_rot": 0.15000000596046448,
        "trajectory_dt": 0.10000000149011612,
        "trajectory_steps": 50,
        "velocity_smoothing": 0.6000000238418579,
        "warm_start_adv_weight": 0.5,
        "warm_start_rot_weight": 0.30000001192092896
    },
    "replay": {
        "counterfactual_trials": [
        ],
        "local_sensitivity": {
        },
        "replay_set_id": "",
        "replayed": false
    },
    "safety": {
        "blocked_time_s": 0,
        "min_esdf_m": 0.05000000074505806,
        "n_blocked_events": 0,
        "n_collision": 1,
        "n_near_collision": 0,
        "n_replans": 0
    },
    "source": {
        "obstacle_density": 0.5320336818695068,
        "x": 5.034769535064697,
        "y": -18.616477966308594
    },
    "start_ts_ms": "1773933773081",
    "status": "success",
    "target": {
        "target_mode": "point",
        "target_object_id": "",
        "target_x": -0.4585152268409729,
        "target_y": 25.152835845947266
    },
    "trajectory": {
        "distance_traveled_m": 49.49544906616211,
        "mean_cpu_pct": 276.6765441894531,
        "mean_ess_ratio": 0.27481183409690857,
        "mean_rot": 0.18861238658428192,
        "mean_speed": 0.5556199550628662,
        "n_cycles": 1808,
        "p05_ess_ratio": 0.032172251492738724,
        "p95_mppi_ms": 1.614372968673706,
        "p95_rot": 0.5691244602203369,
        "p95_speed": 0.711678147315979,
        "path_efficiency": 0.8912473320960999
    }
}
