{
    "duration_s": 78.2249984741211,
    "end_ts_ms": "1773940072371",
    "episode_id": "ep_1773939994146_381905",
    "mission": {
        "controller_version": "ainf_slamo_v2",
        "furniture_hash": "",
        "map_layout_id": "",
        "mission_type": "goto_point",
        "robot_context": ""
    },
    "mood_snapshot": {
        "enable_mood": 1,
        "mood": 0.5,
        "mood_caution_gain": 0.30000001192092896,
        "mood_reactivity_gain": 0.3499999940395355,
        "mood_speed_gain": 0.3499999940395355
    },
    "outcome": {
        "comfort_jerk_score": 0.5997238159179688,
        "composite_score": -28.224998474121094,
        "efficiency_score": 0.7891080975532532,
        "safety_score": 0.12070000171661377,
        "success_binary": 1,
        "time_to_goal_s": 78.2249984741211
    },
    "params_snapshot": {
        "carrot_lookahead": 2,
        "d_safe": 0.3499999940395355,
        "gauss_k": 0.5,
        "goal_threshold": 0.25,
        "lambda_delta_vel": 0.18000000715255737,
        "lambda_goal": 5,
        "lambda_obstacle": 8,
        "lambda_smooth": 0.10000000149011612,
        "lambda_velocity": 0.009999999776482582,
        "max_adv": 0.800000011920929,
        "max_back_adv": 0.20000000298023224,
        "max_rot": 0.699999988079071,
        "mood": 0.5,
        "mppi_lambda": 8,
        "noise_alpha": 0.800000011920929,
        "num_samples": 100,
        "optim_iterations": 0,
        "optim_lr": 0.05000000074505806,
        "safety_priority_scale": 1,
        "sigma_adv": 0.11999999731779099,
        "sigma_rot": 0.15000000596046448,
        "trajectory_dt": 0.10000000149011612,
        "trajectory_steps": 50,
        "velocity_smoothing": 0.6000000238418579,
        "warm_start_adv_weight": 0.5,
        "warm_start_rot_weight": 0.30000001192092896
    },
    "replay": {
        "counterfactual_trials": [
        ],
        "local_sensitivity": {
        },
        "replay_set_id": "",
        "replayed": false
    },
    "safety": {
        "blocked_time_s": 0,
        "min_esdf_m": 0.12070000171661377,
        "n_blocked_events": 0,
        "n_collision": 1,
        "n_near_collision": 0,
        "n_replans": 0
    },
    "source": {
        "obstacle_density": 0.620176374912262,
        "x": -1.7839868068695068,
        "y": 2.7901947498321533
    },
    "start_ts_ms": "1773939994146",
    "status": "success",
    "target": {
        "target_mode": "point",
        "target_object_id": "",
        "target_x": 1.3366427421569824,
        "target_y": -23.539762496948242
    },
    "trajectory": {
        "distance_traveled_m": 33.60026550292969,
        "mean_cpu_pct": 279.2326965332031,
        "mean_ess_ratio": 0.26953062415122986,
        "mean_rot": 0.2366531938314438,
        "mean_speed": 0.513813853263855,
        "n_cycles": 1016,
        "p05_ess_ratio": 0.010099517181515694,
        "p95_mppi_ms": 1.6413179636001587,
        "p95_rot": 0.5997238159179688,
        "p95_speed": 0.7088977694511414,
        "path_efficiency": 0.7891080975532532
    }
}
