{
    "duration_s": 54.32099914550781,
    "end_ts_ms": "1773941534096",
    "episode_id": "ep_1773941479775_270669",
    "mission": {
        "controller_version": "ainf_slamo_v2",
        "furniture_hash": "",
        "map_layout_id": "",
        "mission_type": "goto_point",
        "robot_context": ""
    },
    "mood_snapshot": {
        "enable_mood": 1,
        "mood": 0.5,
        "mood_caution_gain": 0.30000001192092896,
        "mood_reactivity_gain": 0.3499999940395355,
        "mood_speed_gain": 0.3499999940395355
    },
    "outcome": {
        "comfort_jerk_score": 0.6149443984031677,
        "composite_score": -4.3209991455078125,
        "efficiency_score": 1.1433802843093872,
        "safety_score": 0,
        "success_binary": 1,
        "time_to_goal_s": 54.32099914550781
    },
    "params_snapshot": {
        "carrot_lookahead": 2,
        "d_safe": 0.3499999940395355,
        "gauss_k": 0.5,
        "goal_threshold": 0.25,
        "lambda_delta_vel": 0.18000000715255737,
        "lambda_goal": 5,
        "lambda_obstacle": 8,
        "lambda_smooth": 0.10000000149011612,
        "lambda_velocity": 0.009999999776482582,
        "max_adv": 0.800000011920929,
        "max_back_adv": 0.20000000298023224,
        "max_rot": 0.699999988079071,
        "mood": 0.5,
        "mppi_lambda": 8,
        "noise_alpha": 0.800000011920929,
        "num_samples": 100,
        "optim_iterations": 0,
        "optim_lr": 0.05000000074505806,
        "safety_priority_scale": 1,
        "sigma_adv": 0.11999999731779099,
        "sigma_rot": 0.15000000596046448,
        "trajectory_dt": 0.10000000149011612,
        "trajectory_steps": 50,
        "velocity_smoothing": 0.6000000238418579,
        "warm_start_adv_weight": 0.5,
        "warm_start_rot_weight": 0.30000001192092896
    },
    "replay": {
        "counterfactual_trials": [
        ],
        "local_sensitivity": {
        },
        "replay_set_id": "",
        "replayed": false
    },
    "safety": {
        "blocked_time_s": 0,
        "min_esdf_m": 0,
        "n_blocked_events": 0,
        "n_collision": 1,
        "n_near_collision": 0,
        "n_replans": 0
    },
    "source": {
        "obstacle_density": 0.23782426118850708,
        "x": 0.7865636944770813,
        "y": -26.321372985839844
    },
    "start_ts_ms": "1773941479775",
    "status": "success",
    "target": {
        "target_mode": "point",
        "target_object_id": "",
        "target_x": -0.14316581189632416,
        "target_y": 1.1453264951705933
    },
    "trajectory": {
        "distance_traveled_m": 24.03612518310547,
        "mean_cpu_pct": 272.5561218261719,
        "mean_ess_ratio": 0.2678205072879791,
        "mean_rot": 0.2165093719959259,
        "mean_speed": 0.5397563576698303,
        "n_cycles": 845,
        "p05_ess_ratio": 0.010356131009757519,
        "p95_mppi_ms": 1.6171350479125977,
        "p95_rot": 0.6149443984031677,
        "p95_speed": 0.7109668850898743,
        "path_efficiency": 1.1433802843093872
    }
}
