{
    "duration_s": 147.86700439453125,
    "end_ts_ms": "1773934329843",
    "episode_id": "ep_1773934181976_379680",
    "mission": {
        "controller_version": "ainf_slamo_v2",
        "furniture_hash": "",
        "map_layout_id": "",
        "mission_type": "goto_point",
        "robot_context": ""
    },
    "mood_snapshot": {
        "enable_mood": 1,
        "mood": 0.5,
        "mood_caution_gain": 0.30000001192092896,
        "mood_reactivity_gain": 0.3499999940395355,
        "mood_speed_gain": 0.3499999940395355
    },
    "outcome": {
        "comfort_jerk_score": 0.6000044345855713,
        "composite_score": -47.86700439453125,
        "efficiency_score": 0.7736347317695618,
        "safety_score": 0.30000001192092896,
        "success_binary": 1,
        "time_to_goal_s": 147.86700439453125
    },
    "params_snapshot": {
        "carrot_lookahead": 2,
        "d_safe": 0.3499999940395355,
        "gauss_k": 0.5,
        "goal_threshold": 0.25,
        "lambda_delta_vel": 0.18000000715255737,
        "lambda_goal": 5,
        "lambda_obstacle": 8,
        "lambda_smooth": 0.10000000149011612,
        "lambda_velocity": 0.009999999776482582,
        "max_adv": 0.800000011920929,
        "max_back_adv": 0.20000000298023224,
        "max_rot": 0.699999988079071,
        "mood": 0.5,
        "mppi_lambda": 8,
        "noise_alpha": 0.800000011920929,
        "num_samples": 100,
        "optim_iterations": 0,
        "optim_lr": 0.05000000074505806,
        "safety_priority_scale": 1,
        "sigma_adv": 0.11999999731779099,
        "sigma_rot": 0.15000000596046448,
        "trajectory_dt": 0.10000000149011612,
        "trajectory_steps": 50,
        "velocity_smoothing": 0.6000000238418579,
        "warm_start_adv_weight": 0.5,
        "warm_start_rot_weight": 0.30000001192092896
    },
    "replay": {
        "counterfactual_trials": [
        ],
        "local_sensitivity": {
        },
        "replay_set_id": "",
        "replayed": false
    },
    "safety": {
        "blocked_time_s": 0,
        "min_esdf_m": 0.30000001192092896,
        "n_blocked_events": 0,
        "n_collision": 0,
        "n_near_collision": 0,
        "n_replans": 0
    },
    "source": {
        "obstacle_density": 0.3187580108642578,
        "x": -0.08882736414670944,
        "y": 24.950368881225586
    },
    "start_ts_ms": "1773934181976",
    "status": "success",
    "target": {
        "target_mode": "point",
        "target_object_id": "",
        "target_x": 5.633187294006348,
        "target_y": -14.93449592590332
    },
    "trajectory": {
        "distance_traveled_m": 52.0830078125,
        "mean_cpu_pct": 276.9681091308594,
        "mean_ess_ratio": 0.279664546251297,
        "mean_rot": 0.19486106932163239,
        "mean_speed": 0.5491110682487488,
        "n_cycles": 2050,
        "p05_ess_ratio": 0.02233920618891716,
        "p95_mppi_ms": 1.6589150428771973,
        "p95_rot": 0.6000044345855713,
        "p95_speed": 0.711342453956604,
        "path_efficiency": 0.7736347317695618
    }
}
