{
    "duration_s": 22.652999877929688,
    "end_ts_ms": "1773941958692",
    "episode_id": "ep_1773941936039_743923",
    "mission": {
        "controller_version": "ainf_slamo_v2",
        "furniture_hash": "",
        "map_layout_id": "",
        "mission_type": "goto_point",
        "robot_context": ""
    },
    "mood_snapshot": {
        "enable_mood": 1,
        "mood": 0.5,
        "mood_caution_gain": 0.30000001192092896,
        "mood_reactivity_gain": 0.3499999940395355,
        "mood_speed_gain": 0.3499999940395355
    },
    "outcome": {
        "comfort_jerk_score": 0.6220574975013733,
        "composite_score": 77.34700012207031,
        "efficiency_score": 0.8900617957115173,
        "safety_score": 0.30000001192092896,
        "success_binary": 1,
        "time_to_goal_s": 22.652999877929688
    },
    "params_snapshot": {
        "carrot_lookahead": 2,
        "d_safe": 0.3499999940395355,
        "gauss_k": 0.5,
        "goal_threshold": 0.25,
        "lambda_delta_vel": 0.18000000715255737,
        "lambda_goal": 5,
        "lambda_obstacle": 8,
        "lambda_smooth": 0.10000000149011612,
        "lambda_velocity": 0.009999999776482582,
        "max_adv": 0.800000011920929,
        "max_back_adv": 0.20000000298023224,
        "max_rot": 0.699999988079071,
        "mood": 0.5,
        "mppi_lambda": 8,
        "noise_alpha": 0.800000011920929,
        "num_samples": 100,
        "optim_iterations": 0,
        "optim_lr": 0.05000000074505806,
        "safety_priority_scale": 1,
        "sigma_adv": 0.11999999731779099,
        "sigma_rot": 0.15000000596046448,
        "trajectory_dt": 0.10000000149011612,
        "trajectory_steps": 50,
        "velocity_smoothing": 0.6000000238418579,
        "warm_start_adv_weight": 0.5,
        "warm_start_rot_weight": 0.30000001192092896
    },
    "replay": {
        "counterfactual_trials": [
        ],
        "local_sensitivity": {
        },
        "replay_set_id": "",
        "replayed": false
    },
    "safety": {
        "blocked_time_s": 0,
        "min_esdf_m": 0.30000001192092896,
        "n_blocked_events": 0,
        "n_collision": 0,
        "n_near_collision": 0,
        "n_replans": 0
    },
    "source": {
        "obstacle_density": 0.2216951847076416,
        "x": 0.3256443738937378,
        "y": -24.87977409362793
    },
    "start_ts_ms": "1773941936039",
    "status": "success",
    "target": {
        "target_mode": "point",
        "target_object_id": "",
        "target_x": 4.939220428466797,
        "target_y": -18.25364112854004
    },
    "trajectory": {
        "distance_traveled_m": 9.071366310119629,
        "mean_cpu_pct": 273.0059509277344,
        "mean_ess_ratio": 0.30262240767478943,
        "mean_rot": 0.2918933928012848,
        "mean_speed": 0.4691134989261627,
        "n_cycles": 347,
        "p05_ess_ratio": 0.08170288801193237,
        "p95_mppi_ms": 1.8361870050430298,
        "p95_rot": 0.6220574975013733,
        "p95_speed": 0.7101961374282837,
        "path_efficiency": 0.8900617957115173
    }
}
