{
    "duration_s": 31.825000762939453,
    "end_ts_ms": "1773942415472",
    "episode_id": "ep_1773942383647_211503",
    "mission": {
        "controller_version": "ainf_slamo_v2",
        "furniture_hash": "",
        "map_layout_id": "",
        "mission_type": "goto_point",
        "robot_context": ""
    },
    "mood_snapshot": {
        "enable_mood": 1,
        "mood": 0.5,
        "mood_caution_gain": 0.30000001192092896,
        "mood_reactivity_gain": 0.3499999940395355,
        "mood_speed_gain": 0.3499999940395355
    },
    "outcome": {
        "comfort_jerk_score": 0.6220845580101013,
        "composite_score": 68.17500305175781,
        "efficiency_score": 0.8821269273757935,
        "safety_score": 0.30000001192092896,
        "success_binary": 1,
        "time_to_goal_s": 31.825000762939453
    },
    "params_snapshot": {
        "carrot_lookahead": 2,
        "d_safe": 0.3499999940395355,
        "gauss_k": 0.5,
        "goal_threshold": 0.25,
        "lambda_delta_vel": 0.18000000715255737,
        "lambda_goal": 5,
        "lambda_obstacle": 8,
        "lambda_smooth": 0.10000000149011612,
        "lambda_velocity": 0.009999999776482582,
        "max_adv": 0.800000011920929,
        "max_back_adv": 0.20000000298023224,
        "max_rot": 0.699999988079071,
        "mood": 0.5,
        "mppi_lambda": 8,
        "noise_alpha": 0.800000011920929,
        "num_samples": 100,
        "optim_iterations": 0,
        "optim_lr": 0.05000000074505806,
        "safety_priority_scale": 1,
        "sigma_adv": 0.11999999731779099,
        "sigma_rot": 0.15000000596046448,
        "trajectory_dt": 0.10000000149011612,
        "trajectory_steps": 50,
        "velocity_smoothing": 0.6000000238418579,
        "warm_start_adv_weight": 0.5,
        "warm_start_rot_weight": 0.30000001192092896
    },
    "replay": {
        "counterfactual_trials": [
        ],
        "local_sensitivity": {
        },
        "replay_set_id": "",
        "replayed": false
    },
    "safety": {
        "blocked_time_s": 0,
        "min_esdf_m": 0.30000001192092896,
        "n_blocked_events": 0,
        "n_collision": 0,
        "n_near_collision": 0,
        "n_replans": 0
    },
    "source": {
        "obstacle_density": 0.5277804136276245,
        "x": 4.975086212158203,
        "y": -16.105361938476562
    },
    "start_ts_ms": "1773942383647",
    "status": "success",
    "target": {
        "target_mode": "point",
        "target_object_id": "",
        "target_x": -0.7874119281768799,
        "target_y": -25.91301155090332
    },
    "trajectory": {
        "distance_traveled_m": 12.895256042480469,
        "mean_cpu_pct": 271.866943359375,
        "mean_ess_ratio": 0.2825184762477875,
        "mean_rot": 0.2859478294849396,
        "mean_speed": 0.45421484112739563,
        "n_cycles": 497,
        "p05_ess_ratio": 0.0849708542227745,
        "p95_mppi_ms": 1.7374529838562012,
        "p95_rot": 0.6220845580101013,
        "p95_speed": 0.7004373073577881,
        "path_efficiency": 0.8821269273757935
    }
}
