{
    "duration_s": 91.93099975585938,
    "end_ts_ms": "1773943052071",
    "episode_id": "ep_1773942960140_835159",
    "mission": {
        "controller_version": "ainf_slamo_v2",
        "furniture_hash": "",
        "map_layout_id": "",
        "mission_type": "goto_point",
        "robot_context": ""
    },
    "mood_snapshot": {
        "enable_mood": 1,
        "mood": 0.5,
        "mood_caution_gain": 0.30000001192092896,
        "mood_reactivity_gain": 0.3499999940395355,
        "mood_speed_gain": 0.3499999940395355
    },
    "outcome": {
        "comfort_jerk_score": 0.5786136388778687,
        "composite_score": -41.930999755859375,
        "efficiency_score": 1.0106455087661743,
        "safety_score": 0.25,
        "success_binary": 1,
        "time_to_goal_s": 91.93099975585938
    },
    "params_snapshot": {
        "carrot_lookahead": 2,
        "d_safe": 0.3499999940395355,
        "gauss_k": 0.5,
        "goal_threshold": 0.25,
        "lambda_delta_vel": 0.18000000715255737,
        "lambda_goal": 5,
        "lambda_obstacle": 8,
        "lambda_smooth": 0.10000000149011612,
        "lambda_velocity": 0.009999999776482582,
        "max_adv": 0.800000011920929,
        "max_back_adv": 0.20000000298023224,
        "max_rot": 0.699999988079071,
        "mood": 0.5,
        "mppi_lambda": 8,
        "noise_alpha": 0.800000011920929,
        "num_samples": 100,
        "optim_iterations": 0,
        "optim_lr": 0.05000000074505806,
        "safety_priority_scale": 1,
        "sigma_adv": 0.11999999731779099,
        "sigma_rot": 0.15000000596046448,
        "trajectory_dt": 0.10000000149011612,
        "trajectory_steps": 50,
        "velocity_smoothing": 0.6000000238418579,
        "warm_start_adv_weight": 0.5,
        "warm_start_rot_weight": 0.30000001192092896
    },
    "replay": {
        "counterfactual_trials": [
        ],
        "local_sensitivity": {
        },
        "replay_set_id": "",
        "replayed": false
    },
    "safety": {
        "blocked_time_s": 0,
        "min_esdf_m": 0.25,
        "n_blocked_events": 0,
        "n_collision": 1,
        "n_near_collision": 0,
        "n_replans": 0
    },
    "source": {
        "obstacle_density": 0.5088863372802734,
        "x": 1.2173789739608765,
        "y": 26.330127716064453
    },
    "start_ts_ms": "1773942960140",
    "status": "success",
    "target": {
        "target_mode": "point",
        "target_object_id": "",
        "target_x": -0.10271891951560974,
        "target_y": -25.063417434692383
    },
    "trajectory": {
        "distance_traveled_m": 50.86897277832031,
        "mean_cpu_pct": 263.0959167480469,
        "mean_ess_ratio": 0.30036017298698425,
        "mean_rot": 0.16001509130001068,
        "mean_speed": 0.5889161825180054,
        "n_cycles": 1838,
        "p05_ess_ratio": 0.04243521764874458,
        "p95_mppi_ms": 0.9010720252990723,
        "p95_rot": 0.5786136388778687,
        "p95_speed": 0.71625155210495,
        "path_efficiency": 1.0106455087661743
    }
}
