{
    "duration_s": 278.81298828125,
    "end_ts_ms": "1773332726936",
    "episode_id": "ep_1773332448123_737832",
    "mission": {
        "controller_version": "ainf_slamo_v2",
        "furniture_hash": "",
        "map_layout_id": "",
        "mission_type": "goto_point",
        "robot_context": ""
    },
    "mood_snapshot": {
        "enable_mood": 1,
        "mood": 0.5,
        "mood_caution_gain": 0.30000001192092896,
        "mood_reactivity_gain": 0.3499999940395355,
        "mood_speed_gain": 0.3499999940395355
    },
    "outcome": {
        "comfort_jerk_score": 0.47150272130966187,
        "composite_score": -228.81298828125,
        "efficiency_score": 0.7455468773841858,
        "safety_score": 0.15000000596046448,
        "success_binary": 1,
        "time_to_goal_s": 278.81298828125
    },
    "params_snapshot": {
        "carrot_lookahead": 2,
        "d_safe": 0.3499999940395355,
        "gauss_k": 0.5,
        "goal_threshold": 0.25,
        "lambda_delta_vel": 0.18000000715255737,
        "lambda_goal": 5,
        "lambda_obstacle": 8,
        "lambda_smooth": 0.10000000149011612,
        "lambda_velocity": 0.009999999776482582,
        "max_adv": 0.800000011920929,
        "max_back_adv": 0.20000000298023224,
        "max_rot": 0.699999988079071,
        "mood": 0.5,
        "mppi_lambda": 8,
        "noise_alpha": 0.800000011920929,
        "num_samples": 100,
        "optim_iterations": 0,
        "optim_lr": 0.05000000074505806,
        "safety_priority_scale": 1,
        "sigma_adv": 0.11999999731779099,
        "sigma_rot": 0.15000000596046448,
        "trajectory_dt": 0.10000000149011612,
        "trajectory_steps": 50,
        "velocity_smoothing": 0.6000000238418579,
        "warm_start_adv_weight": 0.5,
        "warm_start_rot_weight": 0.30000001192092896
    },
    "replay": {
        "counterfactual_trials": [
        ],
        "local_sensitivity": {
        },
        "replay_set_id": "",
        "replayed": false
    },
    "safety": {
        "blocked_time_s": 0,
        "min_esdf_m": 0.15000000596046448,
        "n_blocked_events": 0,
        "n_collision": 1,
        "n_near_collision": 0,
        "n_replans": 0
    },
    "start_ts_ms": "1773332448123",
    "status": "success",
    "target": {
        "target_mode": "point",
        "target_object_id": "",
        "target_x": -1.4370105266571045,
        "target_y": 24.771324157714844
    },
    "trajectory": {
        "distance_traveled_m": 53.999847412109375,
        "mean_cpu_pct": 279.9752197265625,
        "mean_ess_ratio": 0.2377304583787918,
        "mean_rot": 0.16992835700511932,
        "mean_speed": 0.5336188673973083,
        "n_cycles": 4923,
        "p05_ess_ratio": 0.010006774216890335,
        "p95_mppi_ms": 1.8790489435195923,
        "p95_rot": 0.47150272130966187,
        "p95_speed": 0.7149565815925598,
        "path_efficiency": 0.7455468773841858
    }
}
